{
    "t_statistic": -6.62601394489013,
    "p_value": 3.458946954154015e-11,
    "cohens_d": -0.03654396426322723,
    "fear_mean_pnl": 50.047621894017375,
    "greed_mean_pnl": 87.8948589207749
}